<?xml version="1.0" encoding="UTF-8"?>
<beans xmlns="http://www.springframework.org/schema/beans"
	xmlns:xsi="http://www.w3.org/2001/XMLSchema-instance"
	xmlns:context="http://www.springframework.org/schema/context"
	xmlns:security="http://www.springframework.org/schema/security"
	xsi:schemaLocation="http://www.springframework.org/schema/security http://www.springframework.org/schema/security/spring-security-3.2.xsd
		http://www.springframework.org/schema/beans http://www.springframework.org/schema/beans/spring-beans.xsd
		http://www.springframework.org/schema/context http://www.springframework.org/schema/context/spring-context-3.2.xsd">
 
<security:http auto-config="true" disable-url-rewriting="true" use-expressions="true">
  <security:form-login login-page="/loginform"
   login-processing-url="/j_spring_security_check.action"
   default-target-url="/index"
   always-use-default-target="true" 
    authentication-failure-url="/loginform?ng" />
  <security:intercept-url pattern="/loginform*" access="permitAll"/>
  <security:intercept-url pattern="/index*" access="permitAll"/>
  <security:intercept-url pattern="/join*" access="permitAll"/>
  <security:intercept-url pattern="/book_search*" access="permitAll"/>
  <security:intercept-url pattern="/search_result*" access="permitAll"/>
  <security:intercept-url pattern="/book_datail*" access="permitAll"/>
  <security:intercept-url pattern="/login*" access="hasAnyRole('0','1')"/>  
  <security:intercept-url pattern="/my_history*" access="hasRole('0')"/>
  <security:intercept-url pattern="/book_manager*" access="hasRole('1')"/>
  <security:intercept-url pattern="/rent_manager*" access="hasRole('1')"/>
  <!-- <security:intercept-url pattern="/**" access="hasRole('0') or hasRole('1')" /> -->
</security:http>


<security:authentication-manager>
  <security:authentication-provider>

  <security:jdbc-user-service data-source-ref="dataSource"
    users-by-username-query="select user_id as username, user_pwd as password, enabled from user_tbl where user_id=?"
    authorities-by-username-query="select user_id as username, adm_check as authority from user_tbl where user_id=?"
  />

  </security:authentication-provider>
</security:authentication-manager>

  <bean name="dataSource" class="org.springframework.jdbc.datasource.DriverManagerDataSource" >
    <property name="driverClassName" value="oracle.jdbc.driver.OracleDriver" />
    <property name="url" value="jdbc:oracle:thin:@localhost:1521:xe" />
    <property name="username" value="scott" />
    <property name="password" value="tiger" />
  </bean>
  
</beans>
