<?xml version="1.0" encoding="UTF-8"?>
<!DOCTYPE mapper
    PUBLIC "-//mybatis.org//DTD Mapper 3.0//EN"
    "http://mybatis.org/dtd/mybatis-3-mapper.dtd">

<mapper namespace="com.wind.web.dao.IDao">

  <select id="listDao" resultType="com.wind.web.dto.ContentDto">
		SELECT BID, BNAME, BTITLE, BCONTENT, BDATE, BHIT, BGROUP, BSTEP, BINDENT FROM MVC_BOARD ORDER BY BGROUP DESC, BSTEP ASC
	</select>
	
	<insert id="writeDao">
		INSERT INTO MVC_BOARD (BID, BNAME, BTITLE, BCONTENT, BHIT, BGROUP, BSTEP, BINDENT) 
		VALUES (MVC_BOARD_SEQ.NEXTVAL, #{param1}, #{param2}, #{param3}, 0, MVC_BOARD_SEQ.CURRVAL, 0, 0)
	</insert>
	
	<delete id="deleteDao">
		DELETE FROM MVC_BOARD WHERE BID = #{param1}
	</delete>
	
	<select id="viewDao" resultType="com.wind.web.dto.ContentDto">
    SELECT * FROM MVC_BOARD WHERE BID = #{param1}
  </select>

  <update id="modifyDao">
    UPDATE MVC_BOARD SET BNAME = #{param1}, BTITLE = #{param2}, BCONTENT = #{param3} WHERE BID = #{param4}
  </update>  

  <insert id="replyDao">
    INSERT INTO MVC_BOARD (BID, BNAME, BTITLE, BCONTENT, BGROUP, BSTEP, BINDENT) VALUES (MVC_BOARD_SEQ.NEXTVAL, 
    #{param1}, #{param2}, #{param3}, #{param4}, #{param5}, #{param6})
  </insert>  

  <select id="reply_viewDao" resultType="com.wind.web.dto.ContentDto">
    SELECT * FROM MVC_BOARD WHERE BID = #{param1}
  </select>
  
  <update id="replyShape">
    UPDATE MVC_BOARD SET BSTEP = BSTEP + 1 WHERE BGROUP = #{param1} AND BSTEP > #{param2}
  </update>  
  
  <update id="upHit">
    UPDATE MVC_BOARD SET BHIT = BHIT + 1 WHERE BID = #{param1}
  </update>  

</mapper>
