<?xml version="1.0" encoding="UTF-8"?>
<beans xmlns="http://www.springframework.org/schema/beans"
	xmlns:xsi="http://www.w3.org/2001/XMLSchema-instance"
	xmlns:context="http://www.springframework.org/schema/context"
	xmlns:security="http://www.springframework.org/schema/security"
	xsi:schemaLocation="http://www.springframework.org/schema/security http://www.springframework.org/schema/security/spring-security-3.2.xsd
		http://www.springframework.org/schema/beans http://www.springframework.org/schema/beans/spring-beans.xsd
		http://www.springframework.org/schema/context http://www.springframework.org/schema/context/spring-context-3.2.xsd">
 
<security:http auto-config="true" use-expressions="true">
  <security:form-login login-page="/loginForm.html" 
    authentication-failure-url="/loginForm.html?ng" />
  <security:intercept-url pattern="/loginForm.html*" access="permitAll"/>
  <security:intercept-url pattern="/freeboard/**" access="hasAnyRole('ROLE_USER','ROLE_ADMIN')"/>
  <security:intercept-url pattern="/petclinic/**" access="hasAnyRole('ROLE_USER','ROLE_ADMIN')"/>
  <security:intercept-url pattern="/login.htm*" access="hasAnyRole('ROLE_USER','ROLE_ADMIN')"/>
  <security:intercept-url pattern="/welcome.html*" access="hasRole('ROLE_ADMIN')"/>
  <security:intercept-url pattern="/notice/**" access="permitAll" />
  <security:intercept-url pattern="/**" access="hasRole('ROLE_USER') or hasRole('ROLE_ADMIN')" />
</security:http>

<security:authentication-manager>
  <security:authentication-provider>

  <security:jdbc-user-service data-source-ref="dataSource"
    users-by-username-query="select user_id as username, user_pwd as password, adm_check as enabled from user_tbl where user_id=?"
    authorities-by-username-query="select user_id as username, adm_check as authority from user_tbl where user_id=?"
  />
<!--   
  <security:jdbc-user-service data-source-ref="dataSource"
    users-by-username-query="select username, password, enabled from memberuser where username=?"
    authorities-by-username-query="select username, authority from memberuser where username=?"
  />
   -->

  </security:authentication-provider>
</security:authentication-manager>

  <bean name="dataSource" class="org.springframework.jdbc.datasource.DriverManagerDataSource" >
    <property name="driverClassName" value="oracle.jdbc.driver.OracleDriver" />
    <property name="url" value="jdbc:oracle:thin:@localhost:1521:xe" />
    <property name="username" value="scott" />
    <property name="password" value="tiger" />
  </bean>
  
</beans>
