<?xml version="1.0" encoding="UTF-8"?>
<!DOCTYPE mapper
    PUBLIC "-//mybatis.org//DTD Mapper 3.0//EN"
    "http://mybatis.org/dtd/mybatis-3-mapper.dtd">

<mapper namespace="com.triple.dreamlib.dao.BookDao">

  <select id="booklistDao" resultType="com.triple.dreamlib.dto.BookDto">
		select row_number() over(order by book_id asc) as seq, book_id, book_code, book_name, book_author, book_date, 
		       book_pub, book_in_date, book_imgPath, decode(book_del,0,'','폐기') as book_del
  		from book_tbl order by book_id asc
  </select>

  <select id="maxBookIdDao" resultType="com.triple.dreamlib.dto.MaxBookIdDto">
	select to_char((decode(max(substr(book_id,3,6)),null,0,max(substr(book_id,3,6))))+1,'000000') as book_id
	  from book_tbl where book_code = #{param1}
  </select>

  <select id="bookselDao" resultType="com.triple.dreamlib.dto.BookDto">
		select row_number() over(order by book_id asc) as seq, book_id, book_code, book_name, 
		       book_author, book_date, book_pub, book_in_date, book_imgPath
  		from book_tbl where book_id = #{param1} order by book_id asc
  </select>

  <!-- <select id="book_result1Dao" resultType="com.triple.dreamlib.dto.BookSearchDto">
	select row_number() over(order by book_id asc) as seq, book_id, book_name, book_author, book_pub, book_date, 
	book_imgPath, decode(book_status, null ,'대출가능',0,'대출가능','대출중') as book_status
	  from book_tbl 
	  WHERE LOWER(${param1}) like LOWER('%'|| #{param2} ||'%')
	  	AND book_del = '0' 
	  order by book_id asc
  </select> -->
   <select id="book_result1Dao" resultType="com.triple.dreamlib.dto.BookSearchDto">
	  select X.seq, X.book_id, X.book_name, X.book_author, X.book_pub, X.book_date, X.book_imgPath, X.book_status
		from ( 
		    select rownum as seq, A.book_id, A.book_name, A.book_author, A.book_pub, A.book_date, A.book_imgPath, A.book_status
		    from (
		        select book_id, book_name, book_author, book_pub, book_date, book_imgPath, decode(book_status, null ,'대출가능',0,'대출가능','대출중') as book_status 
		        from book_tbl
		        WHERE LOWER(${param1}) like LOWER('%'|| #{param2} ||'%') 
		        AND book_del = '0' 
		        order by book_id asc) A
		    where rownum <![CDATA[<=]]> 20) X
		where X.seq <![CDATA[>=]]> 11 
    </select>
  
    <select id="selectedBookDao" resultType="com.triple.dreamlib.dto.BookSearchDto">
		select rownum, book_id, book_code, book_name, book_author, book_pub, book_date, 
		book_imgPath, decode(book_status, null ,'대출가능',0,'대출가능','대출중') as book_status
		  from book_tbl 
		  WHERE book_id = #{param1}
		   	AND book_del = '0' 
    </select>
	
  <!-- <select id="book_result2Dao" resultType="com.triple.dreamlib.dto.BookSearchDto">
	select row_number() over(order by book_tbl.book_id asc) as seq, book_tbl.book_id, book_tbl.book_name, book_tbl.book_author, book_tbl.book_pub, book_tbl.book_date, 
	book_tbl.book_imgPath, decode(rent_tbl.book_status, null ,'대출가능',0,'대출가능','대출중') as book_status
	  from book_tbl LEFT OUTER JOIN rent_tbl 
      ON book_tbl.book_id = rent_tbl.book_id
	  WHERE LOWER(${param1}) like LOWER('%'|| #{param2} ||'%') 
	  ${param3} LOWER(${param4}) like LOWER('%'|| #{param5} ||'%')
	  order by book_id asc
   </select>
  
   <select id="book_result3Dao" resultType="com.triple.dreamlib.dto.BookSearchDto">
	select row_number() over(order by book_tbl.book_id asc) as seq, book_tbl.book_id, book_tbl.book_name, book_tbl.book_author, book_tbl.book_pub, book_tbl.book_date, 
	book_tbl.book_imgPath, decode(rent_tbl.book_status, null ,'대출가능',0,'대출가능','대출중') as book_status
	  from book_tbl LEFT OUTER JOIN rent_tbl 
      ON book_tbl.book_id = rent_tbl.book_id
	  WHERE LOWER(${param1}) like LOWER('%'|| #{param2} ||'%') 
	  ${param3} LOWER(${param4}) like LOWER('%'|| #{param5} ||'%') 
	  ${param6} LOWER(${param7}) like LOWER('%'|| #{param8} ||'%')
	  order by book_id asc
   </select>	 -->
   
   <!-- <select id="book_result3Dao" resultType="com.triple.dreamlib.dto.BookSearchDto">
		select row_number() over(order by book_id asc) as seq, book_id, book_name, book_author, book_pub, book_date, 
		book_imgPath, decode(book_status, null ,'대출가능',0,'대출가능','대출중') as book_status
	  	from (book_tbl 
		<where> LOWER(${param1}) like LOWER('%'|| #{param2} ||'%') 
			<if test="param4 != null">
				 ${param3} LOWER(${param4}) like LOWER('%'|| #{param5} ||'%') 
			</if>
			<if test="param7 != null">
				 ${param6} LOWER(${param7}) like LOWER('%'|| #{param8} ||'%') 
			</if>
			
		AND book_del = '0' 
		 order by book_id asc) 
		
		 	
		</where>
	</select>
	 -->
	<select id="book_result3Dao" resultType="com.triple.dreamlib.dto.BookSearchDto">
	  select X.seq, X.book_id, X.book_name, X.book_author, X.book_pub, X.book_date, X.book_imgPath, X.book_status
		from ( 
		    select rownum as seq, A.book_id, A.book_name, A.book_author, A.book_pub, A.book_date, A.book_imgPath, A.book_status
		    from (
		        select book_id, book_name, book_author, book_pub, book_date, book_imgPath, decode(book_status, null ,'대출가능',0,'대출가능','대출중') as book_status 
		        from book_tbl
		        <where> LOWER(${param1}) like LOWER('%'|| #{param2} ||'%') 
				<if test="param4 != null">
					 ${param3} LOWER(${param4}) like LOWER('%'|| #{param5} ||'%') 
				</if>
				<if test="param7 != null">
					 ${param6} LOWER(${param7}) like LOWER('%'|| #{param8} ||'%') 
				</if> 
				</where>
		        AND book_del = '0' 
		        order by book_id asc) A
		    where rownum <![CDATA[<=]]> ${param9}) X
		where X.seq <![CDATA[>=]]> ${param10} 
	</select>
	
	<select id="totalListDao" resultType="com.triple.dreamlib.dto.Pagination">
	 select COUNT(*) AS listCnt  
        from book_tbl 
        <where> LOWER(${param1}) like LOWER('%'|| #{param2} ||'%') 
			<if test="param4 != null">
					 ${param3} LOWER(${param4}) like LOWER('%'|| #{param5} ||'%') 
			</if>
			<if test="param7 != null">
					 ${param6} LOWER(${param7}) like LOWER('%'|| #{param8} ||'%') 
			</if> 
		</where> 
        AND book_del = '0' 
    </select>

  <insert id="book_addDao">
  INSERT  INTO BOOK_TBL VALUES (#{param1},#{param2},#{param3},#{param4},#{param5},#{param6},sysdate,#{param7},default,default)
  </insert>	
  
   <update id="book_modifyDao">
    UPDATE BOOK_TBL SET BOOK_CODE = #{param1}, BOOK_NAME = #{param2}, 
           BOOK_AUTHOR = #{param3},	BOOK_DATE = #{param4}, BOOK_PUB = #{param5}
     WHERE BOOK_ID = #{param6}
  </update> 
  
  <delete id="book_deleteDao">
	 UPDATE BOOK_TBL SET BOOK_DEL = '1'
     WHERE BOOK_ID = #{param1}
  </delete>  
  
  <select id="newBookListDao" resultType="com.triple.dreamlib.dto.BookDto">

	SELECT book_id, book_name, book_in_date, book_imgPath, rownum
    FROM (SELECT book_id, book_name, book_in_date, book_imgPath
          FROM book_tbl WHERE ROWID 
          IN (SELECT MIN(ROWID) FROM book_tbl GROUP BY substr(book_id,1,8)) 
          AND book_del = 0 
          ORDER BY book_in_date DESC)        
    WHERE rownum <![CDATA[<=]]> 9

  </select>
  
</mapper>
