<?xml version="1.0" encoding="UTF-8"?>
<!DOCTYPE mapper
    PUBLIC "-//mybatis.org//DTD Mapper 3.0//EN"
    "http://mybatis.org/dtd/mybatis-3-mapper.dtd">

<mapper namespace="com.triple.dreamlib.dao.RentDao">

	<select id="userInfoDao" resultType="com.triple.dreamlib.dto.UserDto">
		SELECT user_id, user_name, user_tel, user_addr FROM user_tbl where user_id = #{param1}
	</select>
	
	<select id="bookInfoDao" resultType="com.triple.dreamlib.dto.BookDto">
		SELECT book_id, book_name, book_author, book_date, book_pub FROM book_tbl where book_id = #{param1}
		AND book_del = '0' 
	</select>
	
	<select id="userCheckDao" resultType="com.triple.dreamlib.dto.UserDto">
		SELECT user_id FROM user_tbl where user_id = #{param1}
	</select>
	
	<select id="bookCheckDao" resultType="com.triple.dreamlib.dto.BookDto">
		SELECT book_id FROM book_tbl where book_id = #{param1}
	</select>
	
	<select id="bookRentCheckDao" resultType="com.triple.dreamlib.dto.BookDto">
		<!-- SELECT book_status FROM rent_tbl where book_id = #{param1} -->
		 SELECT DECODE((select book_status FROM book_tbl WHERE book_id = #{param1}),null
		 ,'0',(select book_status FROM book_tbl WHERE book_id = #{param1})) as book_status from dual 
        
	</select>
	
	<insert id="rentAddDao" >
		INSERT INTO rent_tbl (rent_no, user_id, book_id, book_rent_date, book_re_due_date, book_re_date, rent_status) 
		VALUES ( 
         	(SELECT decode(to_char(max(substr(rent_no,9,4))), null ,
         		to_char(sysdate,'YYYYMMDD')||to_char('0001'),
         		to_char(sysdate,'YYYYMMDD')||TRIM(to_char(max(substr(rent_no,9,4))+1,'0000'))) from rent_tbl 
        	  where substr(rent_no,1,8) = to_char(sysdate,'YYYYMMDD')), 
        	  #{param1} ,#{param2} , sysdate, (TRUNC(sysdate + 2) - 1/(24*60*60)), null, '1' )
	</insert>
	
	<update id="bookStatusUpdateDao">
		UPDATE book_tbl SET book_status = #{param1} WHERE book_id = #{param2}
	</update>
	
	<select id="rentListDao" resultType="com.triple.dreamlib.dto.RentListDto">
		SELECT rent_tbl.rent_no, rent_tbl.book_id, book_tbl.book_name, rent_tbl.book_rent_date, rent_tbl.book_re_due_date, rent_tbl.rent_status 
    		FROM rent_tbl, book_tbl  
    		WHERE rent_tbl.book_id = book_tbl.book_id
      		AND rent_tbl.user_id = #{param1} 
      		ORDER BY rent_tbl.book_rent_date DESC	
    </select>
    
    <select id="userRentCheckDao" resultType="com.triple.dreamlib.dto.RentDto">
		SELECT book_re_due_date, book_re_date 
    		FROM rent_tbl 
    		WHERE user_id = #{param1} 
      		ORDER BY book_rent_date	
    </select>
    
    <update id="updateReturnDao">
   		UPDATE rent_tbl SET rent_status = '0', book_re_date = sysdate WHERE rent_no = #{param1}
  	</update> 
    
    

  <!-- <select id="listDao" resultType="com.wind.web.dto.ContentDto">
		SELECT BID, BNAME, BTITLE, BCONTENT, BDATE, BHIT, BGROUP, BSTEP, BINDENT FROM MVC_BOARD ORDER BY BGROUP DESC, BSTEP ASC
	</select>
	
	<insert id="writeDao">
		INSERT INTO MVC_BOARD (BID, BNAME, BTITLE, BCONTENT, BHIT, BGROUP, BSTEP, BINDENT) 
		VALUES (MVC_BOARD_SEQ.NEXTVAL, #{param1}, #{param2}, #{param3}, 0, MVC_BOARD_SEQ.CURRVAL, 0, 0)
	</insert>
	
	<delete id="deleteDao">
		DELETE FROM MVC_BOARD WHERE BID = #{param1}
	</delete>
	
	<select id="viewDao" resultType="com.wind.web.dto.ContentDto">
    SELECT * FROM MVC_BOARD WHERE BID = #{param1}
  </select>

  <update id="modifyDao">
    UPDATE MVC_BOARD SET BNAME = #{param1}, BTITLE = #{param2}, BCONTENT = #{param3} WHERE BID = #{param4}
  </update>  

  <insert id="replyDao">
    INSERT INTO MVC_BOARD (BID, BNAME, BTITLE, BCONTENT, BGROUP, BSTEP, BINDENT) VALUES (MVC_BOARD_SEQ.NEXTVAL, 
    #{param1}, #{param2}, #{param3}, #{param4}, #{param5}, #{param6})
  </insert>  

  <select id="reply_viewDao" resultType="com.wind.web.dto.ContentDto">
    SELECT * FROM MVC_BOARD WHERE BID = #{param1}
  </select>
  
  <update id="replyShape">
    UPDATE MVC_BOARD SET BSTEP = BSTEP + 1 WHERE BGROUP = #{param1} AND BSTEP > #{param2}
  </update>  
  
  <update id="upHit">
    UPDATE MVC_BOARD SET BHIT = BHIT + 1 WHERE BID = #{param1}
  </update>  
 -->
</mapper>
